,mae,rmse,r2_score
0,1.3192699658643285,,
1,,2.0048884154599023,
2,,,0.90882482971455
